firstName,lastName,homeAddress,workAddress,arrivalTime,,,,,,,
Prince,Lee,"31 W Coast Park, Singapore 127649","8 Shenton Way, AXA Tower",7.30am,,,,,,,
Eric,Dugan,"41 Faber Walk, Singapore 128971","Raffles City, 252 North Bridge Road, 179103",8am,,,,,,,
Edward,Roberts,"43 Faber Walk, Singapore 128972","Interntional Plaza, 10 Anson Rd, Singapore 079903",8.30am,,,,,,,
Donna,Harden,"74 Faber Heights, Singapore 129194","Keppel Towers, 10 Hoe Chiang Rd, Singapore 089315",9am,,,,,,,
Anne,Garcia,"50C Faber Heights, Singapore 129197","8 Shenton Way, AXA Tower",9.30am,,,,,,,
Willie,Herrera,"105 Jurong East Street 13, Block 105, Singapore 600105","Raffles City, 252 North Bridge Road, 179103",7.30am,,,,,,,
Joshua,Mccalley,"208 Jurong East Street 21, Singapore 600208","Interntional Plaza, 10 Anson Rd, Singapore 079903",8am,,,,,,,
Lettie,Mackey,"211 Jurong East Street 21, Block 211, Singapore 600211","Keppel Towers, 10 Hoe Chiang Rd, Singapore 089315",8.30am,,,,,,,
Heather,Kauffman,"212 Jurong East Street 21, Block 212, Singapore 600212","8 Shenton Way, AXA Tower",9am,,,,,,,
Nancy,Deen,"212 Jurong East Street 21, Singapore 600212","Raffles City, 252 North Bridge Road, 179103",9.30am,,,,,,,
Mark,Conway,"225 Jurong East Street 21, Singapore 600225","Interntional Plaza, 10 Anson Rd, Singapore 079903",7.30am,,,,,,,
Misty,Shaikh,"236 Jurong East Street 21, Block 236, Singapore 600236","Keppel Towers, 10 Hoe Chiang Rd, Singapore 089315",8am,,,,,,,
Cynthia,Madison,"241 Jurong East Street 24, Block 241, Singapore 600241","8 Shenton Way, AXA Tower",8.30am,,,,,,,
Rose,Magana,"243 Jurong East Street 24, Block 243, Singapore 600243","Raffles City, 252 North Bridge Road, 179103",9am,,,,,,,
Rebecca,Kimbrell,"252 Jurong East Street 24, Singapore 600252","Interntional Plaza, 10 Anson Rd, Singapore 079903",9.30am,,,,,,,
Gary,Horton,"255 Jurong East Street 24, Singapore 600255","Keppel Towers, 10 Hoe Chiang Rd, Singapore 089315",7.30am,,,,,,,
Joan,Tang,"259 Jurong East Street 24, Singapore 600259","8 Shenton Way, AXA Tower",8am,,,,,,,
Kathy,Jones,"263 Jurong East Street 24, Singapore 600263","Raffles City, 252 North Bridge Road, 179103",8.30am,,,,,,,
Alisha,Valerius,"269 Toh Guan Rd, Singapore 600269","Interntional Plaza, 10 Anson Rd, Singapore 079903",9am,,,,,,,
Theo,Elwell,"270 Toh Guan Rd, Singapore 600270","Keppel Towers, 10 Hoe Chiang Rd, Singapore 089315",9.30am,,,,,,,
Mary,Jolley,"273 Toh Guan Rd, Block 273, Singapore 600273","8 Shenton Way, AXA Tower",7.30am,,,,,,,
Nina,Perry,"310 Jurong East Street 32, Singapore 600310","Raffles City, 252 North Bridge Road, 179103",8am,,,,,,,
Marlo,Noble,"311 Jurong East Street 32, Singapore 600311","Interntional Plaza, 10 Anson Rd, Singapore 079903",8.30am,,,,,,,
Justin,Gonzalez,"317 Jurong East Street 31, Singapore 600317","Keppel Towers, 10 Hoe Chiang Rd, Singapore 089315",9am,,,,,,,
James,Williams,"326 Jurong East Street 31, Block 326, Singapore 600326","8 Shenton Way, AXA Tower",9.30am,,,,,,,
Margret,Caballero,"328 Jurong East Street 31, Block 328, Singapore 600328","Raffles City, 252 North Bridge Road, 179103",7.30am,,,,,,,
Ruby,Heifner,"403 Pandan Gardens, Singapore 600403","Interntional Plaza, 10 Anson Rd, Singapore 079903",8am,,,,,,,
Julia,Filson,"405 Pandan Gardens, Singapore 600405","Keppel Towers, 10 Hoe Chiang Rd, Singapore 089315",8.30am,,,,,,,
Piper,Bostic,"412 Pandan Gardens, Singapore 600412","8 Shenton Way, AXA Tower",9am,,,,,,,
William,Johnson,"215A Jurong East Street 21, Singapore 601215","Raffles City, 252 North Bridge Road, 179103",9.30am,,,,,,,
Jose,Baez,"215A Jurong East Street 21, Singapore 601215","Interntional Plaza, 10 Anson Rd, Singapore 079903",7.30am,,,,,,,
Nestor,Martin,"215A Jurong East Street 21, Singapore 601215","Keppel Towers, 10 Hoe Chiang Rd, Singapore 089315",8am,,,,,,,
Stacy,London,"215A Jurong East Street 21, Singapore 601215","8 Shenton Way, AXA Tower",8.30am,,,,,,,
Chris,Para,"215A Jurong East Street 21, Singapore 601215","Raffles City, 252 North Bridge Road, 179103",9am,,,,,,,
Leslie,Cohen,"215A Jurong East Street 21, Singapore 601215","Interntional Plaza, 10 Anson Rd, Singapore 079903",9.30am,,,,,,,
Sonya,Fox,"215A Jurong East Street 21, Singapore 601215","Keppel Towers, 10 Hoe Chiang Rd, Singapore 089315",7.30am,,,,,,,
Edna,Trainor,"215A Jurong East Street 21, Singapore 601215","8 Shenton Way, AXA Tower",8am,,,,,,,
Christopher,Capps,"215A Jurong East Street 21, Singapore 601215","Raffles City, 252 North Bridge Road, 179103",8.30am,,,,,,,
Charles,Torres,"215A Jurong East Street 21, Singapore 601215","Interntional Plaza, 10 Anson Rd, Singapore 079903",9am,,,,,,,
Robyn,Hanshaw,"215A Jurong East Street 21, Singapore 601215","Keppel Towers, 10 Hoe Chiang Rd, Singapore 089315",9.30am,,,,,,,
Diana,Cool,"215A Jurong East Street 21, Singapore 601215","8 Shenton Way, AXA Tower",7.30am,,,,,,,
Tyler,Davis,"215A Jurong East Street 21, Singapore 601215","Raffles City, 252 North Bridge Road, 179103",8am,,,,,,,
Jason,Elmore,"215A Jurong East Street 21, Singapore 601215","Interntional Plaza, 10 Anson Rd, Singapore 079903",8.30am,,,,,,,
Lottie,Swedenburg,"215A Jurong East Street 21, Singapore 601215","Keppel Towers, 10 Hoe Chiang Rd, Singapore 089315",9am,,,,,,,
Royce,Stayton,"215A Jurong East Street 21, Singapore 601215","8 Shenton Way, AXA Tower",9.30am,,,,,,,
Robert,Thomas,"215A Jurong East Street 21, Singapore 601215","Raffles City, 252 North Bridge Road, 179103",7.30am,,,,,,,
Tony,Suarez,"215A Jurong East Street 21, Singapore 601215","Interntional Plaza, 10 Anson Rd, Singapore 079903",8am,,,,,,,
Laura,Wade,"215A Jurong East Street 21, Singapore 601215","Keppel Towers, 10 Hoe Chiang Rd, Singapore 089315",8.30am,,,,,,,
Jasmine,Elia,"215A Jurong East Street 21, Singapore 601215","8 Shenton Way, AXA Tower",9am,,,,,,,
John,Joseph,"215A Jurong East Street 21, Singapore 601215","Raffles City, 252 North Bridge Road, 179103",9.30am,,,,,,,
Daryl,Madrigal,"215A Jurong East Street 21, Singapore 601215","Interntional Plaza, 10 Anson Rd, Singapore 079903",7.30am,,,,,,,
Andrew,Torres,"215A Jurong East Street 21, Singapore 601215","Keppel Towers, 10 Hoe Chiang Rd, Singapore 089315",8am,,,,,,,
Henry,Craig,"215A Jurong East Street 21, Singapore 601215","8 Shenton Way, AXA Tower",8.30am,,,,,,,
Ethel,Dakins,"215A Jurong East Street 21, Singapore 601215","Raffles City, 252 North Bridge Road, 179103",9am,,,,,,,
Ernest,Davidson,"25 International Business Park, Singapore 609916","Interntional Plaza, 10 Anson Rd, Singapore 079903",9.30am,,,,,,,
Douglas,Boggs,"1 International Business Park, The Synergy, Singapore 609917","Keppel Towers, 10 Hoe Chiang Rd, Singapore 089315",7.30am,,,,,,,
John,Strickland,"12 International Business Park, Singapore 609920","8 Shenton Way, AXA Tower",8am,,,,,,,
Anna,Locket,"12 International Business Park, Singapore 609920","Raffles City, 252 North Bridge Road, 179103",8.30am,,,,,,,
David,Wilson,"12 International Business Park, Singapore 609920","Interntional Plaza, 10 Anson Rd, Singapore 079903",9am,,,,,,,
Janice,Hogg,"31 International Business Park, Creative Resource, Singapore 609921","Keppel Towers, 10 Hoe Chiang Rd, Singapore 089315",9.30am,,,,,,,
Jerry,Johnson,"14 International Business Park, Singapore 609922","8 Shenton Way, AXA Tower",7.30am,,,,,,,
Hope,Hanks,"29 International Business Park, Singapore 609923","Raffles City, 252 North Bridge Road, 179103",8am,,,,,,,
Mathew,Morgan,"29 International Business Park, Singapore 609923","Interntional Plaza, 10 Anson Rd, Singapore 079903",8.30am,,,,,,,
Ervin,Rutledge,"27 International Business Park, Singapore 609924","Keppel Towers, 10 Hoe Chiang Rd, Singapore 089315",9am,,,,,,,
Lynne,White,"8 International Business Park, Singapore 609925","8 Shenton Way, AXA Tower",9.30am,,,,,,,
Joanne,Foster,"3 International Business Park, Singapore 609927","Raffles City, 252 North Bridge Road, 179103",7.30am,,,,,,,
Gary,Courtney,"16 International Business Park, Singapore 609929","Interntional Plaza, 10 Anson Rd, Singapore 079903",8am,,,,,,,
Tina,Dansby,"13 International Business Park, Singapore 609932","Keppel Towers, 10 Hoe Chiang Rd, Singapore 089315",8.30am,,,,,,,
Michael,Long,"13 International Business Park, Singapore 609932","8 Shenton Way, AXA Tower",9am,,,,,,,
Sam,Terrell,"1A International Business Park, Singapore 609933","Raffles City, 252 North Bridge Road, 179103",9.30am,,,,,,,
Angelo,Dougherty,"1A International Business Park, Singapore 609933","Interntional Plaza, 10 Anson Rd, Singapore 079903",7.30am,,,,,,,
Eugenia,Pein,"29A International Business Park, Singapore 609934","Keppel Towers, 10 Hoe Chiang Rd, Singapore 089315",8am,,,,,,,
Michael,Reid,"3A International Business Park, Singapore 609935","8 Shenton Way, AXA Tower",8.30am,,,,,,,
Randy,Ingersoll,"3A International Business Park, Singapore 609935","Raffles City, 252 North Bridge Road, 179103",9am,,,,,,,
David,Davis,"90 Boon Lay Way, Singapore 609958","Interntional Plaza, 10 Anson Rd, Singapore 079903",9.30am,,,,,,,
Tim,Griffith,"161 Boon Lay Way, Singapore 609963","Keppel Towers, 10 Hoe Chiang Rd, Singapore 089315",7.30am,,,,,,,
Arthur,Yeomans,"161 Boon Lay Way, Singapore 609963","8 Shenton Way, AXA Tower",8am,,,,,,,
Mary,Lang,"161 Boon Lay Way, Singapore 609963","Raffles City, 252 North Bridge Road, 179103",8.30am,,,,,,,
Cindy,Darden,"161 Boon Lay Way, Singapore 609963","Interntional Plaza, 10 Anson Rd, Singapore 079903",9am,,,,,,,
Walter,Mobley,"161 Boon Lay Way, Singapore 609963","Keppel Towers, 10 Hoe Chiang Rd, Singapore 089315",9.30am,,,,,,,
Sharon,Stapleton,"161 Boon Lay Way, Singapore 609963","8 Shenton Way, AXA Tower",7.30am,,,,,,,
Rusty,Rogers,"161 Boon Lay Way, Singapore 609963","Raffles City, 252 North Bridge Road, 179103",8am,,,,,,,
Dolores,Clayton,"161 Boon Lay Way, Singapore 609963","Interntional Plaza, 10 Anson Rd, Singapore 079903",8.30am,,,,,,,
Larry,Cowart,"161 Boon Lay Way, Singapore 609963","Keppel Towers, 10 Hoe Chiang Rd, Singapore 089315",9am,,,,,,,
Alexander,Leray,"161 Boon Lay Way, Singapore 609963","8 Shenton Way, AXA Tower",9.30am,,,,,,,
Karina,Villa,"161 Boon Lay Way, Singapore 609963","Raffles City, 252 North Bridge Road, 179103",7.30am,,,,,,,
Kathryn,Gillespie,"161 Boon Lay Way, Singapore 609963","Interntional Plaza, 10 Anson Rd, Singapore 079903",8am,,,,,,,
Louvenia,Fielding,"161 Boon Lay Way, Singapore 609963","Keppel Towers, 10 Hoe Chiang Rd, Singapore 089315",8.30am,,,,,,,
Ginger,Ehmann,"8 Boon Lay Way, Singapore 609964","8 Shenton Way, AXA Tower",9am,,,,,,,
Elizabeth,Maddy,"16 Boon Lay Way, Singapore 609965","Raffles City, 252 North Bridge Road, 179103",9.30am,,,,,,,
Roger,Taylor,"16 Boon Lay Way, Singapore 609965","Interntional Plaza, 10 Anson Rd, Singapore 079903",7.30am,,,,,,,
Anissa,Ward,"18 Boon Lay Way, Singapore 609966","Keppel Towers, 10 Hoe Chiang Rd, Singapore 089315",8am,,,,,,,
Linda,Schmuff,"28 Boon Lay Way, Singapore 609971","8 Shenton Way, AXA Tower",8.30am,,,,,,,
Ruth,Miyashiro,"28 Boon Lay Way, Singapore 609971","Raffles City, 252 North Bridge Road, 179103",9am,,,,,,,
Casey,Hillegas,"348 Kang Ching Rd, Block 348, Singapore 610348","Interntional Plaza, 10 Anson Rd, Singapore 079903",9.30am,,,,,,,
Andrew,Golden,"350 Corporation Dr, Singapore 610350","Keppel Towers, 10 Hoe Chiang Rd, Singapore 089315",7.30am,,,,,,,
Verna,Lee,"351 Corporation Dr, Singapore 610351","8 Shenton Way, AXA Tower",8am,,,,,,,
Joseph,Fisher,"351 Corporation Dr, Singapore 610351","Raffles City, 252 North Bridge Road, 179103",8.30am,,,,,,,
Joanne,Sideris,"366 Corporation Dr, Singapore 610366","Interntional Plaza, 10 Anson Rd, Singapore 079903",9am,,,,,,,
Harold,Glover,"331 Tah Ching Rd, Singapore 611331","Keppel Towers, 10 Hoe Chiang Rd, Singapore 089315",9.30am,,,,,,,
Keith,Finkel,"351A Corporation Dr, Singapore 611351","8 Shenton Way, AXA Tower",7.30am,,,,,,,
Walter,Phillips,"337 Kang Ching Rd, Singapore 615337","Raffles City, 252 North Bridge Road, 179103",8am,,,,,,,
Robert,Mederos,"75 Corporation Walk, Singapore 618466","Interntional Plaza, 10 Anson Rd, Singapore 079903",8.30am,,,,,,,
Jessica,Raven,"9H Yuan Ching Rd, Singapore 618650","Keppel Towers, 10 Hoe Chiang Rd, Singapore 089315",9am,,,,,,,
John,Wheeler,"101 Yuan Ching Rd, Singapore 618653","8 Shenton Way, AXA Tower",9.30am,,,,,,,
Joyce,Mcdowell,"103 Yuan Ching Rd, Singapore 618654","Raffles City, 252 North Bridge Road, 179103",7.30am,,,,,,,
Joseph,Renfroe,"134D Yuan Ching Rd, Singapore 618656","Interntional Plaza, 10 Anson Rd, Singapore 079903",8am,,,,,,,
Erik,Burgess,"134D Yuan Ching Rd, Singapore 618656","Keppel Towers, 10 Hoe Chiang Rd, Singapore 089315",8.30am,,,,,,,
Alonzo,Graham,"134D Yuan Ching Rd, Singapore 618656","8 Shenton Way, AXA Tower",9am,,,,,,,
Nicole,Monopoli,"134A Kang Ching Rd, Singapore 619062","Raffles City, 252 North Bridge Road, 179103",9.30am,,,,,,,
Sara,Hjort,"134C Kang Ching Rd, Singapore 619064","Interntional Plaza, 10 Anson Rd, Singapore 079903",7.30am,,,,,,,
Kara,Biller,"185 Boon Lay Ave, Singapore 640185","Keppel Towers, 10 Hoe Chiang Rd, Singapore 089315",8am,,,,,,,
Ida,Carter,"209 Boon Lay Pl, Block 209, Singapore 640209","8 Shenton Way, AXA Tower",8.30am,,,,,,,
Queen,Vance,"211 Boon Lay Pl, Block 211, Singapore 640211","Raffles City, 252 North Bridge Road, 179103",9am,,,,,,,
Carrie,Mcdougle,"211 Boon Lay Pl, Singapore 640211","Interntional Plaza, 10 Anson Rd, Singapore 079903",9.30am,,,,,,,
Doris,Singelton,"442 Jurong West Ave 1, Singapore 640442","Keppel Towers, 10 Hoe Chiang Rd, Singapore 089315",7.30am,,,,,,,
Shannon,Doyle,"450 Jurong West Street 42, Block 450, Singapore 640450","8 Shenton Way, AXA Tower",8am,,,,,,,
Melinda,Davidson,"453 Jurong West Street 42, Singapore 640453","Raffles City, 252 North Bridge Road, 179103",8.30am,,,,,,,
Angela,Kelly,"470 Jurong West Street 41, Singapore 640470","Interntional Plaza, 10 Anson Rd, Singapore 079903",9am,,,,,,,
Karen,Smith,"472 Jurong West Street 41, Block 472, Singapore 640472","Keppel Towers, 10 Hoe Chiang Rd, Singapore 089315",9.30am,,,,,,,
Sandra,Jones,"474 Jurong West Street 41, Singapore 640474","8 Shenton Way, AXA Tower",7.30am,,,,,,,
Charles,Fitzgerald,"478 Jurong West Street 41, Singapore 640478","Raffles City, 252 North Bridge Road, 179103",8am,,,,,,,
Ray,Morris,"481 Jurong West Street 41, Block 481, Singapore 640481","Interntional Plaza, 10 Anson Rd, Singapore 079903",8.30am,,,,,,,
Valentine,Hopson,"490 Jurong West Ave 1, Block 490, Singapore 640490","Keppel Towers, 10 Hoe Chiang Rd, Singapore 089315",9am,,,,,,,
Vernon,Winkler,"490 Jurong West Ave 1, Block 490, Singapore 640490","8 Shenton Way, AXA Tower",9.30am,,,,,,,
Arnetta,Catania,"490 Jurong West Ave 1, Singapore 640490","Raffles City, 252 North Bridge Road, 179103",7.30am,,,,,,,
Troy,Pascal,"502 Jurong West Ave 1, Singapore 640502","Interntional Plaza, 10 Anson Rd, Singapore 079903",8am,,,,,,,
Deborah,Wright,"505 Jurong West Street 52, Singapore 640505","Keppel Towers, 10 Hoe Chiang Rd, Singapore 089315",8.30am,,,,,,,
Lenore,Spencer,"505 Jurong West Street 52, Singapore 640505","8 Shenton Way, AXA Tower",9am,,,,,,,
Gloria,Osburn,"515 Jurong West Street 52, Singapore 640515","Raffles City, 252 North Bridge Road, 179103",9.30am,,,,,,,
April,Hernandez,"515 Jurong West Street 52, Singapore 640515","Interntional Plaza, 10 Anson Rd, Singapore 079903",7.30am,,,,,,,
James,Nichols,"518 Jurong West Street 52, Block 518, Singapore 640518","Keppel Towers, 10 Hoe Chiang Rd, Singapore 089315",8am,,,,,,,
Wilfred,Lopez,"518 Jurong West Street 52, Block 518, Singapore 640518","8 Shenton Way, AXA Tower",8.30am,,,,,,,
Barbara,Moons,"527 Jurong West Street 52, Singapore 640527","Raffles City, 252 North Bridge Road, 179103",9am,,,,,,,
Billy,Strange,"529 Jurong West Street 52, Block 529, Singapore 640529","Interntional Plaza, 10 Anson Rd, Singapore 079903",9.30am,,,,,,,
Ryan,Houle,"530 Jurong West Street 52, Singapore 640530","Keppel Towers, 10 Hoe Chiang Rd, Singapore 089315",7.30am,,,,,,,
Roy,Merkle,"532 Jurong West Street 52, Block 532, Singapore 640532","8 Shenton Way, AXA Tower",8am,,,,,,,
Virgil,Babin,"538 Jurong West Ave 1, Block 538, Singapore 640538","Raffles City, 252 North Bridge Road, 179103",8.30am,,,,,,,
Lori,Keitt,"539 Jurong West Ave 1, Block 539, Singapore 640539","Interntional Plaza, 10 Anson Rd, Singapore 079903",9am,,,,,,,
Laila,Slatton,"539 Jurong West Ave 1, Singapore 640539","Keppel Towers, 10 Hoe Chiang Rd, Singapore 089315",9.30am,,,,,,,
Nathan,Pecci,"542 Jurong West Ave 1, Block 542, Singapore 640542","8 Shenton Way, AXA Tower",7.30am,,,,,,,
Tiffany,Allen,"207A Boon Lay Pl, Singapore 641207","Raffles City, 252 North Bridge Road, 179103",8am,,,,,,,
Gregory,Riles,"517A Jurong West Street 52, Singapore 641517","Interntional Plaza, 10 Anson Rd, Singapore 079903",8.30am,,,,,,,
Brian,Exline,"518A Jurong West Street 52, Singapore 641518","Keppel Towers, 10 Hoe Chiang Rd, Singapore 089315",9am,,,,,,,
Michael,Williams,"517D Jurong West Street 52, Singapore 644517","8 Shenton Way, AXA Tower",9.30am,,,,,,,
Sharon,Kincheloe,"50 Lakeside Dr, Singapore 648315","Raffles City, 252 North Bridge Road, 179103",7.30am,,,,,,,
Vincenzo,Eck,"8 Jurong West Street 51, Singapore 649332","Interntional Plaza, 10 Anson Rd, Singapore 079903",8am,,,,,,,
Kristal,Taylor,"35 Jurong West Street 41, Singapore 649406","Keppel Towers, 10 Hoe Chiang Rd, Singapore 089315",8.30am,,,,,,,
Wanda,Meier,"5 Jurong West Street 41, Singapore 649410","8 Shenton Way, AXA Tower",9am,,,,,,,
Hazel,Wright,"5 Jurong West Street 41, Singapore 649410","Raffles City, 252 North Bridge Road, 179103",9.30am,,,,,,,
Danielle,Giannotti,"29 Jurong West Street 41, Singapore 649411","Interntional Plaza, 10 Anson Rd, Singapore 079903",7.30am,,,,,,,
Shannon,Higgins,"7 Jurong West Street 41, Singapore 649414","Keppel Towers, 10 Hoe Chiang Rd, Singapore 089315",8am,,,,,,,
Joseph,Manzanarez,"7 Jurong West Street 41, Singapore 649414","8 Shenton Way, AXA Tower",8.30am,,,,,,,
Margaret,Spence,"7 Jurong West Street 41, Singapore 649414","Raffles City, 252 North Bridge Road, 179103",9am,,,,,,,
Nedra,Mccray,"7 Jurong West Street 41, Singapore 649414","Interntional Plaza, 10 Anson Rd, Singapore 079903",9.30am,,,,,,,
Jacqueline,Paul,"800 Corporation Rd, Singapore 649809","Keppel Towers, 10 Hoe Chiang Rd, Singapore 089315",7.30am,,,,,,,
Hannah,Baca,"800 Corporation Rd, Singapore 649809","8 Shenton Way, AXA Tower",8am,,,,,,,
Donald,Lee,"450 Corporation Rd, Singapore 649810","Raffles City, 252 North Bridge Road, 179103",8.30am,,,,,,,
Marylee,Alejos,"201 Boon Lay Way, Singapore 649845","Interntional Plaza, 10 Anson Rd, Singapore 079903",9am,,,,,,,
Aide,Gonzalez,"104 Bukit Batok Central, Block 104, Singapore 650104","Keppel Towers, 10 Hoe Chiang Rd, Singapore 089315",9.30am,,,,,,,
Roger,Mcculloch,"104 Bukit Batok Central, Singapore 650104","8 Shenton Way, AXA Tower",7.30am,,,,,,,
Leona,Matheny,"113 Bukit Batok West Ave 6, Singapore 650113","Raffles City, 252 North Bridge Road, 179103",8am,,,,,,,
Lawrence,Hancock,"118 Bukit Batok West Ave 6, Block 118, Singapore 650118","Interntional Plaza, 10 Anson Rd, Singapore 079903",8.30am,,,,,,,
Emma,Small,"122 Bukit Batok Central, Singapore 650122","Keppel Towers, 10 Hoe Chiang Rd, Singapore 089315",9am,,,,,,,
Mildred,Nunnery,"124 Bukit Batok Central, Singapore 650124","8 Shenton Way, AXA Tower",9.30am,,,,,,,
Eileen,Velez,"125 Bukit Batok Central, Singapore 650125","Raffles City, 252 North Bridge Road, 179103",7.30am,,,,,,,
Theresa,Humphrey,"125 Bukit Batok Central, Singapore 650125","Interntional Plaza, 10 Anson Rd, Singapore 079903",8am,,,,,,,
Angela,Zager,"128 Bukit Batok West Ave 6, Singapore 650128","Keppel Towers, 10 Hoe Chiang Rd, Singapore 089315",8.30am,,,,,,,
David,Beauchemin,"134 Bukit Batok West Ave 6, Singapore 650134","8 Shenton Way, AXA Tower",9am,,,,,,,
Ramon,Manrriquez,"136 Bukit Batok West Ave 6, Block 136, Singapore 650136","Raffles City, 252 North Bridge Road, 179103",9.30am,,,,,,,
Greg,Monson,"137 Bukit Batok West Ave 6, Singapore 650137","Interntional Plaza, 10 Anson Rd, Singapore 079903",7.30am,,,,,,,
Hal,Reamer,"137 Bukit Batok West Ave 6, Singapore 650137","Keppel Towers, 10 Hoe Chiang Rd, Singapore 089315",8am,,,,,,,
James,Frank,"137 Bukit Batok West Ave 6, Singapore 650137","8 Shenton Way, AXA Tower",8.30am,,,,,,,
Alberta,Lee,"139 Bukit Batok West Ave 6, Singapore 650139","Raffles City, 252 North Bridge Road, 179103",9am,,,,,,,
Josephine,Davis,"139 Bukit Batok West Ave 6, Singapore 650139","Interntional Plaza, 10 Anson Rd, Singapore 079903",9.30am,,,,,,,
Alan,Burton,"142 Bukit Batok Street 11, Block 142, Singapore 650142","Keppel Towers, 10 Hoe Chiang Rd, Singapore 089315",7.30am,,,,,,,
Eleanor,Shulman,"145 Bukit Batok Street 11, Block 145, Singapore 650145","8 Shenton Way, AXA Tower",8am,,,,,,,
Clifford,Haugh,"171 Bukit Batok West Ave 8, Block 171, Singapore 650171","Raffles City, 252 North Bridge Road, 179103",8.30am,,,,,,,
Susan,Farris,"178 Bukit Batok West Ave 8, Block 178, Singapore 650178","Interntional Plaza, 10 Anson Rd, Singapore 079903",9am,,,,,,,
Jacqueline,Mitchell,"181 Bukit Batok West Ave 8, Singapore 650181","Keppel Towers, 10 Hoe Chiang Rd, Singapore 089315",9.30am,,,,,,,
Beatrice,Rathke,"184 Bukit Batok West Ave 8, Block 184, Singapore 650184","8 Shenton Way, AXA Tower",7.30am,,,,,,,
Rose,King,"190 Bukit Batok West Ave 6, Singapore 650190","Raffles City, 252 North Bridge Road, 179103",8am,,,,,,,
Richard,Wong,"192 Bukit Batok West Ave 6, Singapore 650192","Interntional Plaza, 10 Anson Rd, Singapore 079903",8.30am,,,,,,,
Steven,Olsen,"192 Bukit Batok West Ave 6, Singapore 650192","Keppel Towers, 10 Hoe Chiang Rd, Singapore 089315",9am,,,,,,,
Todd,Mathis,"192 Bukit Batok West Ave 6, Singapore 650192","8 Shenton Way, AXA Tower",9.30am,,,,,,,
John,Bravo,"305 Bukit Batok Street 31, Singapore 650305","Raffles City, 252 North Bridge Road, 179103",7.30am,,,,,,,
Janet,Wood,"308 Bukit Batok Street 31, Singapore 650308","Interntional Plaza, 10 Anson Rd, Singapore 079903",8am,,,,,,,
Dottie,Smith,"309 Bukit Batok Street 31, Singapore 650309","Keppel Towers, 10 Hoe Chiang Rd, Singapore 089315",8.30am,,,,,,,
Melanie,Evans,"315 Bukit Batok Street 32, Singapore 650315","8 Shenton Way, AXA Tower",9am,,,,,,,
Scott,Neal,"372 Bukit Batok Street 31, Block 372, Singapore 650372","Raffles City, 252 North Bridge Road, 179103",9.30am,,,,,,,
Kara,Martinez,"372 Bukit Batok Street 31, Block 372, Singapore 650372","Interntional Plaza, 10 Anson Rd, Singapore 079903",7.30am,,,,,,,
Tony,Kozyra,"375 Bukit Batok Street 31, Singapore 650375","Keppel Towers, 10 Hoe Chiang Rd, Singapore 089315",8am,,,,,,,
Athena,Glenn,"426 Bukit Batok West Ave 2, Singapore 650426","8 Shenton Way, AXA Tower",8.30am,,,,,,,
Michael,Blake,"426 Bukit Batok West Ave 2, Singapore 650426","Raffles City, 252 North Bridge Road, 179103",9am,,,,,,,
Scott,Butts,"426 Bukit Batok West Ave 2, Singapore 650426","Interntional Plaza, 10 Anson Rd, Singapore 079903",9.30am,,,,,,,
Anthony,Zayas,"426 Bukit Batok West Ave 2, Singapore 650426","Keppel Towers, 10 Hoe Chiang Rd, Singapore 089315",7.30am,,,,,,,
Terrance,Harris,"426 Bukit Batok West Ave 2, Singapore 650426","8 Shenton Way, AXA Tower",8am,,,,,,,
Amy,Zinke,"426 Bukit Batok West Ave 2, Singapore 650426","Raffles City, 252 North Bridge Road, 179103",8.30am,,,,,,,
Ira,Mcniel,"426 Bukit Batok West Ave 2, Singapore 650426","Interntional Plaza, 10 Anson Rd, Singapore 079903",9am,,,,,,,
Claudia,Alder,"426 Bukit Batok West Ave 2, Singapore 650426","Keppel Towers, 10 Hoe Chiang Rd, Singapore 089315",9.30am,,,,,,,
Michael,Arnold,"426 Bukit Batok West Ave 2, Singapore 650426","8 Shenton Way, AXA Tower",7.30am,,,,,,,
Marty,Hubbs,"426 Bukit Batok West Ave 2, Singapore 650426","Raffles City, 252 North Bridge Road, 179103",8am,,,,,,,
Albert,Goodness,"426 Bukit Batok West Ave 2, Singapore 650426","Interntional Plaza, 10 Anson Rd, Singapore 079903",8.30am,,,,,,,
Patrick,Walker,"426 Bukit Batok West Ave 2, Singapore 650426","Keppel Towers, 10 Hoe Chiang Rd, Singapore 089315",9am,,,,,,,
Robert,Mccall,"426 Bukit Batok West Ave 2, Singapore 650426","8 Shenton Way, AXA Tower",9.30am,,,,,,,
Clement,Hager,"426 Bukit Batok West Ave 2, Singapore 650426","Raffles City, 252 North Bridge Road, 179103",7.30am,,,,,,,
Gaynell,Kassin,"426 Bukit Batok West Ave 2, Singapore 650426","Interntional Plaza, 10 Anson Rd, Singapore 079903",8am,,,,,,,
Jay,Nelson,"426 Bukit Batok West Ave 2, Singapore 650426","Keppel Towers, 10 Hoe Chiang Rd, Singapore 089315",8.30am,,,,,,,
Marie,Hogan,"426 Bukit Batok West Ave 2, Singapore 650426","8 Shenton Way, AXA Tower",9am,,,,,,,
Desiree,Prather,"426 Bukit Batok West Ave 2, Singapore 650426","Raffles City, 252 North Bridge Road, 179103",9.30am,,,,,,,
Henry,Drish,"426 Bukit Batok West Ave 2, Singapore 650426","Interntional Plaza, 10 Anson Rd, Singapore 079903",7.30am,,,,,,,
Rosa,Vestal,"426 Bukit Batok West Ave 2, Singapore 650426","Keppel Towers, 10 Hoe Chiang Rd, Singapore 089315",8am,,,,,,,
Carmen,Rangel,"426 Bukit Batok West Ave 2, Singapore 650426","8 Shenton Way, AXA Tower",8.30am,,,,,,,
Sandra,Wooten,"426 Bukit Batok West Ave 2, Singapore 650426","Raffles City, 252 North Bridge Road, 179103",9am,,,,,,,
Sharon,Lossett,"426 Bukit Batok West Ave 2, Singapore 650426","Interntional Plaza, 10 Anson Rd, Singapore 079903",9.30am,,,,,,,
Christian,Hooper,"426 Bukit Batok West Ave 2, Singapore 650426","Keppel Towers, 10 Hoe Chiang Rd, Singapore 089315",7.30am,,,,,,,
Jennifer,Purington,"426 Bukit Batok West Ave 2, Singapore 650426","8 Shenton Way, AXA Tower",8am,,,,,,,
Barbara,Moore,"426 Bukit Batok West Ave 2, Singapore 650426","Raffles City, 252 North Bridge Road, 179103",8.30am,,,,,,,
Tracy,Horton,"426 Bukit Batok West Ave 2, Singapore 650426","Interntional Plaza, 10 Anson Rd, Singapore 079903",9am,,,,,,,
Jamal,Rogers,"426 Bukit Batok West Ave 2, Singapore 650426","Keppel Towers, 10 Hoe Chiang Rd, Singapore 089315",9.30am,,,,,,,
Romana,Michael,"426 Bukit Batok West Ave 2, Singapore 650426","8 Shenton Way, AXA Tower",7.30am,,,,,,,
Aaron,Mora,"426 Bukit Batok West Ave 2, Singapore 650426","Raffles City, 252 North Bridge Road, 179103",8am,,,,,,,
Ralph,Springer,"426 Bukit Batok West Ave 2, Singapore 650426","Interntional Plaza, 10 Anson Rd, Singapore 079903",8.30am,,,,,,,
James,Brown,"426 Bukit Batok West Ave 2, Singapore 650426","Keppel Towers, 10 Hoe Chiang Rd, Singapore 089315",9am,,,,,,,
Jason,Boyd,"526 Bukit Batok Street 51, Singapore 650526","8 Shenton Way, AXA Tower",9.30am,,,,,,,
Lee,Blue,"527 Bukit Batok Street 51, Block 527, Singapore 650527","Raffles City, 252 North Bridge Road, 179103",7.30am,,,,,,,
Jeffrey,Harper,"533 Bukit Batok Street 51, Singapore 650533","Interntional Plaza, 10 Anson Rd, Singapore 079903",8am,,,,,,,
Anne,Stratton,"533 Bukit Batok Street 51, Singapore 650533","Keppel Towers, 10 Hoe Chiang Rd, Singapore 089315",8.30am,,,,,,,
Estelle,Grenier,"535 Bukit Batok Street 52, Block 535, Singapore 650535","8 Shenton Way, AXA Tower",9am,,,,,,,
Rosemary,Jodon,"535 Bukit Batok Street 52, Singapore 650535","Raffles City, 252 North Bridge Road, 179103",9.30am,,,,,,,
Leatha,Ridenour,"535 Bukit Batok Street 52, Singapore 650535","Interntional Plaza, 10 Anson Rd, Singapore 079903",7.30am,,,,,,,
Claudette,Clacher,"536 Bukit Batok Street 52, Singapore 650536","Keppel Towers, 10 Hoe Chiang Rd, Singapore 089315",8am,,,,,,,
Abram,Henderson,"537 Bukit Batok Street 52, Singapore 650537","8 Shenton Way, AXA Tower",8.30am,,,,,,,
Bonita,Woolf,"542 Bukit Batok Street 52, Singapore 650542","Raffles City, 252 North Bridge Road, 179103",9am,,,,,,,
Jeffrey,Frank,"542 Bukit Batok Street 52, Singapore 650542","Interntional Plaza, 10 Anson Rd, Singapore 079903",9.30am,,,,,,,
Kevin,Seibold,"542 Bukit Batok Street 52, Singapore 650542","Keppel Towers, 10 Hoe Chiang Rd, Singapore 089315",7.30am,,,,,,,
Melissia,Chipps,"621 Bukit Batok Central, Singapore 650621","8 Shenton Way, AXA Tower",8am,,,,,,,
Daniel,Guerrero,"623 Bukit Batok Central, Singapore 650623","Raffles City, 252 North Bridge Road, 179103",8.30am,,,,,,,
Maria,Suttle,"625 Bukit Batok Central, Block 625, Singapore 650625","Interntional Plaza, 10 Anson Rd, Singapore 079903",9am,,,,,,,
Frank,Fuentes,"626 Bukit Batok Central, Singapore 650626","Keppel Towers, 10 Hoe Chiang Rd, Singapore 089315",9.30am,,,,,,,
Jean,Patty,"627 Bukit Batok Central, Singapore 650627","8 Shenton Way, AXA Tower",7.30am,,,,,,,
Darrell,Hinderman,"627 Bukit Batok Central, Singapore 650627","Raffles City, 252 North Bridge Road, 179103",8am,,,,,,,
Phyllis,Triana,"627 Bukit Batok Central, Singapore 650627","Interntional Plaza, 10 Anson Rd, Singapore 079903",8.30am,,,,,,,
Joseph,Burnett,"628 Bukit Batok Central, Singapore 650628","Keppel Towers, 10 Hoe Chiang Rd, Singapore 089315",9am,,,,,,,
Robbie,Hagen,"628 Bukit Batok Central, Singapore 650628","8 Shenton Way, AXA Tower",9.30am,,,,,,,
Mary,Hamilton,"628 Bukit Batok Central, Singapore 650628","Raffles City, 252 North Bridge Road, 179103",7.30am,,,,,,,
Marjorie,Flores,"628 Bukit Batok Central, Singapore 650628","Interntional Plaza, 10 Anson Rd, Singapore 079903",8am,,,,,,,
Laura,Hargett,"634 Bukit Batok Central, Block 634, Singapore 650634","Keppel Towers, 10 Hoe Chiang Rd, Singapore 089315",8.30am,,,,,,,
Zachary,Murphy,"634 Bukit Batok Central, Block 634, Singapore 650634","8 Shenton Way, AXA Tower",9am,,,,,,,
Mee,Kicker,"634 Bukit Batok Central, Block 634, Singapore 650634","Raffles City, 252 North Bridge Road, 179103",9.30am,,,,,,,
Jorge,Conley,"634 Bukit Batok Central, Singapore 650634","Interntional Plaza, 10 Anson Rd, Singapore 079903",7.30am,,,,,,,
Andrew,Shoemake,"628A Bukit Batok Central, Singapore 651628","Keppel Towers, 10 Hoe Chiang Rd, Singapore 089315",8am,,,,,,,
Carrie,Lee,"628A Bukit Batok Central, Singapore 651628","8 Shenton Way, AXA Tower",8.30am,,,,,,,
Gregory,Fleeger,"628A Bukit Batok Central, Singapore 651628","Raffles City, 252 North Bridge Road, 179103",9am,,,,,,,
Nikki,Bulmer,"36 Bukit Batok Rd, Singapore 658029","Interntional Plaza, 10 Anson Rd, Singapore 079903",9.30am,,,,,,,
Felisha,Ensing,"36 Bukit Batok Rd, Singapore 658029","Keppel Towers, 10 Hoe Chiang Rd, Singapore 089315",7.30am,,,,,,,
Grant,Morin,"36 Bukit Batok Rd, Singapore 658029","8 Shenton Way, AXA Tower",8am,,,,,,,
Lois,Fox,"36 Bukit Batok Rd, Singapore 658029","Raffles City, 252 North Bridge Road, 179103",8.30am,,,,,,,
Tobias,Dibble,"36 Bukit Batok Rd, Singapore 658029","Interntional Plaza, 10 Anson Rd, Singapore 079903",9am,,,,,,,
Jessica,Jones,"36 Bukit Batok Rd, Singapore 658029","Keppel Towers, 10 Hoe Chiang Rd, Singapore 089315",9.30am,,,,,,,
Celeste,Koenen,"36 Bukit Batok Rd, Singapore 658029","8 Shenton Way, AXA Tower",7.30am,,,,,,,
Bernice,Ragsdale,"36 Bukit Batok Rd, Singapore 658029","Raffles City, 252 North Bridge Road, 179103",8am,,,,,,,
Karen,Terry,"36 Bukit Batok Rd, Singapore 658029","Interntional Plaza, 10 Anson Rd, Singapore 079903",8.30am,,,,,,,
Tom,Highsmith,"36 Bukit Batok Rd, Singapore 658029","Keppel Towers, 10 Hoe Chiang Rd, Singapore 089315",9am,,,,,,,
William,Holguin,"36 Bukit Batok Rd, Singapore 658029","8 Shenton Way, AXA Tower",9.30am,,,,,,,
Warner,Rhodes,"36 Bukit Batok Rd, Singapore 658029","Raffles City, 252 North Bridge Road, 179103",7.30am,,,,,,,
Marlene,Marusak,"36 Bukit Batok Rd, Singapore 658029","Interntional Plaza, 10 Anson Rd, Singapore 079903",8am,,,,,,,
John,Rodriguez,"36 Bukit Batok Rd, Singapore 658029","Keppel Towers, 10 Hoe Chiang Rd, Singapore 089315",8.30am,,,,,,,
Robert,Stewart,"36 Bukit Batok Rd, Singapore 658029","8 Shenton Way, AXA Tower",9am,,,,,,,
Keith,Wall,"36 Bukit Batok Rd, Singapore 658029","Raffles City, 252 North Bridge Road, 179103",9.30am,,,,,,,
Barbara,Halley,"36 Bukit Batok Rd, Singapore 658029","Interntional Plaza, 10 Anson Rd, Singapore 079903",7.30am,,,,,,,
Cori,Jackson,"36 Bukit Batok Rd, Singapore 658029","Keppel Towers, 10 Hoe Chiang Rd, Singapore 089315",8am,,,,,,,
Kenneth,Reichenbach,"36 Bukit Batok Rd, Singapore 658029","8 Shenton Way, AXA Tower",8.30am,,,,,,,
Sandy,Norton,"36 Bukit Batok Rd, Singapore 658029","Raffles City, 252 North Bridge Road, 179103",9am,,,,,,,
Polly,Sampson,"9 Bukit Batok Central Link, Singapore 658074","Interntional Plaza, 10 Anson Rd, Singapore 079903",9.30am,,,,,,,
Renee,Joyner,"1 Bukit Batok Central Link, Singapore 658713","Keppel Towers, 10 Hoe Chiang Rd, Singapore 089315",7.30am,,,,,,,
Nancy,Boisen,"1 Bukit Batok Central Link, Singapore 658713","8 Shenton Way, AXA Tower",8am,,,,,,,
Ruby,Davidson,"60 Bukit Batok West Ave 8, Singapore 658965","Raffles City, 252 North Bridge Road, 179103",8.30am,,,,,,,
Larry,Simmons,"60 Bukit Batok West Ave 8, Singapore 658965","Interntional Plaza, 10 Anson Rd, Singapore 079903",9am,,,,,,,
Jason,Barnes,"60 Bukit Batok West Ave 8, Singapore 658965","Keppel Towers, 10 Hoe Chiang Rd, Singapore 089315",9.30am,,,,,,,
Emily,Kovacs,"60 Bukit Batok West Ave 8, Singapore 658965","8 Shenton Way, AXA Tower",7.30am,,,,,,,
Alfred,Kennedy,"60 Bukit Batok West Ave 8, Singapore 658965","Raffles City, 252 North Bridge Road, 179103",8am,,,,,,,
Brett,Gellings,"60 Bukit Batok West Ave 8, Singapore 658965","Interntional Plaza, 10 Anson Rd, Singapore 079903",8.30am,,,,,,,
Terri,Letendre,"60 Bukit Batok West Ave 8, Singapore 658965","Keppel Towers, 10 Hoe Chiang Rd, Singapore 089315",9am,,,,,,,
Travis,Hofmann,"60 Bukit Batok West Ave 8, Singapore 658965","8 Shenton Way, AXA Tower",9.30am,,,,,,,
Albert,Cross,"60 Bukit Batok West Ave 8, Singapore 658965","Raffles City, 252 North Bridge Road, 179103",7.30am,,,,,,,
Jessica,Moon,"30 Bukit Batok West Ave 3, Singapore 659163","Interntional Plaza, 10 Anson Rd, Singapore 079903",8am,,,,,,,
Hae,Board,"30 Bukit Batok West Ave 3, Singapore 659163","Keppel Towers, 10 Hoe Chiang Rd, Singapore 089315",8.30am,,,,,,,
Glenn,Nader,"50 Bukit Batok West Ave 3, Singapore 659164","8 Shenton Way, AXA Tower",9am,,,,,,,
Paula,Mory,"105 Bukit Batok West Ave 3, Singapore 659165","Raffles City, 252 North Bridge Road, 179103",9.30am,,,,,,,
Eric,Moore,"107 Bukit Batok West Ave 3, Singapore 659167","Interntional Plaza, 10 Anson Rd, Singapore 079903",7.30am,,,,,,,
Margaret,Hamel,"107 Bukit Batok West Ave 3, Singapore 659167","Keppel Towers, 10 Hoe Chiang Rd, Singapore 089315",8am,,,,,,,
Natalie,Vargas,"107 Bukit Batok West Ave 3, Singapore 659167","8 Shenton Way, AXA Tower",8.30am,,,,,,,
John,Stafford,"107 Bukit Batok West Ave 3, Singapore 659167","Raffles City, 252 North Bridge Road, 179103",9am,,,,,,,
Michael,Lopez,"107 Bukit Batok West Ave 3, Singapore 659167","Interntional Plaza, 10 Anson Rd, Singapore 079903",9.30am,,,,,,,
Thomas,Oquendo,"107 Bukit Batok West Ave 3, Singapore 659167","Keppel Towers, 10 Hoe Chiang Rd, Singapore 089315",7.30am,,,,,,,
Jimmy,Leblanc,"107 Bukit Batok West Ave 3, Singapore 659167","8 Shenton Way, AXA Tower",8am,,,,,,,
Joe,Conley,"107 Bukit Batok West Ave 3, Singapore 659167","Raffles City, 252 North Bridge Road, 179103",8.30am,,,,,,,
Loida,Wheeler,"101 Bukit Batok West Ave 3, Singapore 659168","Interntional Plaza, 10 Anson Rd, Singapore 079903",9am,,,,,,,
Mark,Thatcher,"101 Bukit Batok West Ave 3, Singapore 659168","Keppel Towers, 10 Hoe Chiang Rd, Singapore 089315",9.30am,,,,,,,
Melissa,Santos,"101 Bukit Batok West Ave 3, Singapore 659168","8 Shenton Way, AXA Tower",7.30am,,,,,,,
Frank,Ogara,"101 Bukit Batok West Ave 3, Singapore 659168","Raffles City, 252 North Bridge Road, 179103",8am,,,,,,,
Donald,Auxier,"101 Bukit Batok West Ave 3, Singapore 659168","Interntional Plaza, 10 Anson Rd, Singapore 079903",8.30am,,,,,,,
Thelma,Perine,"101 Bukit Batok West Ave 3, Singapore 659168","Keppel Towers, 10 Hoe Chiang Rd, Singapore 089315",9am,,,,,,,
Parthenia,Hoffman,"101 Bukit Batok West Ave 3, Singapore 659168","8 Shenton Way, AXA Tower",9.30am,,,,,,,
Louis,Barr,"101 Bukit Batok West Ave 3, Singapore 659168","Raffles City, 252 North Bridge Road, 179103",7.30am,,,,,,,
Karen,Lopez,"101 Bukit Batok West Ave 3, Singapore 659168","Interntional Plaza, 10 Anson Rd, Singapore 079903",8am,,,,,,,
Steve,King,"101 Bukit Batok West Ave 3, Singapore 659168","Keppel Towers, 10 Hoe Chiang Rd, Singapore 089315",8.30am,,,,,,,
Richard,Pepper,"101 Bukit Batok West Ave 3, Singapore 659168","8 Shenton Way, AXA Tower",9am,,,,,,,
Taylor,Jones,"101 Bukit Batok West Ave 3, Singapore 659168","Raffles City, 252 North Bridge Road, 179103",9.30am,,,,,,,
Peggy,Gallegos,"101 Bukit Batok West Ave 3, Singapore 659168","Interntional Plaza, 10 Anson Rd, Singapore 079903",7.30am,,,,,,,
Brett,Hernandez,"101 Bukit Batok West Ave 3, Singapore 659168","Keppel Towers, 10 Hoe Chiang Rd, Singapore 089315",8am,,,,,,,
David,Lyons,"101 Bukit Batok West Ave 3, Singapore 659168","8 Shenton Way, AXA Tower",8.30am,,,,,,,
Brandon,Zielonka,"101 Bukit Batok West Ave 3, Singapore 659168","Raffles City, 252 North Bridge Road, 179103",9am,,,,,,,
Jessica,Adkins,"101 Bukit Batok West Ave 3, Singapore 659168","Interntional Plaza, 10 Anson Rd, Singapore 079903",9.30am,,,,,,,
Jonathon,Henry,"101 Bukit Batok West Ave 3, Singapore 659168","Keppel Towers, 10 Hoe Chiang Rd, Singapore 089315",7.30am,,,,,,,
Cori,Nickerson,"101 Bukit Batok West Ave 3, Singapore 659168","8 Shenton Way, AXA Tower",8am,,,,,,,
Don,Flom,"101 Bukit Batok West Ave 3, Singapore 659168","Raffles City, 252 North Bridge Road, 179103",8.30am,,,,,,,
James,Slough,"101 Bukit Batok West Ave 3, Singapore 659168","Interntional Plaza, 10 Anson Rd, Singapore 079903",9am,,,,,,,
Patricia,Davenport,"101 Bukit Batok West Ave 3, Singapore 659168","Keppel Towers, 10 Hoe Chiang Rd, Singapore 089315",9.30am,,,,,,,
Verlene,Fitzgerald,"101 Bukit Batok West Ave 3, Singapore 659168","8 Shenton Way, AXA Tower",7.30am,,,,,,,
Ann,Smith,"101 Bukit Batok West Ave 3, Singapore 659168","Raffles City, 252 North Bridge Road, 179103",8am,,,,,,,
Sidney,Vento,"101 Bukit Batok West Ave 3, Singapore 659168","Interntional Plaza, 10 Anson Rd, Singapore 079903",8.30am,,,,,,,
Leroy,Gregg,"101 Bukit Batok West Ave 3, Singapore 659168","Keppel Towers, 10 Hoe Chiang Rd, Singapore 089315",9am,,,,,,,
Victoria,Sauders,"101 Bukit Batok West Ave 3, Singapore 659168","8 Shenton Way, AXA Tower",9.30am,,,,,,,
Daniel,Lewis,"101 Bukit Batok West Ave 3, Singapore 659168","Raffles City, 252 North Bridge Road, 179103",7.30am,,,,,,,
Hector,Kelleher,"101 Bukit Batok West Ave 3, Singapore 659168","Interntional Plaza, 10 Anson Rd, Singapore 079903",8am,,,,,,,
Stephen,Drake,"91 Bukit Batok West Ave 2, Singapore 659206","Keppel Towers, 10 Hoe Chiang Rd, Singapore 089315",8.30am,,,,,,,
Corey,Marino,"91 Bukit Batok West Ave 2, Singapore 659206","8 Shenton Way, AXA Tower",9am,,,,,,,
Geneva,Pulley,"91 Bukit Batok West Ave 2, Singapore 659206","Raffles City, 252 North Bridge Road, 179103",9.30am,,,,,,,
Michael,Hellwig,"91 Bukit Batok West Ave 2, Singapore 659206","Interntional Plaza, 10 Anson Rd, Singapore 079903",7.30am,,,,,,,
Abbie,Goforth,"91 Bukit Batok West Ave 2, Singapore 659206","Keppel Towers, 10 Hoe Chiang Rd, Singapore 089315",8am,,,,,,,
Johnetta,Howell,"91 Bukit Batok West Ave 2, Singapore 659206","8 Shenton Way, AXA Tower",8.30am,,,,,,,
Linda,Sahe,"91 Bukit Batok West Ave 2, Singapore 659206","Raffles City, 252 North Bridge Road, 179103",9am,,,,,,,
Matthew,Steger,"91 Bukit Batok West Ave 2, Singapore 659206","Interntional Plaza, 10 Anson Rd, Singapore 079903",9.30am,,,,,,,
Jean,Anderson,"91 Bukit Batok West Ave 2, Singapore 659206","Keppel Towers, 10 Hoe Chiang Rd, Singapore 089315",7.30am,,,,,,,
Greta,Maust,"91 Bukit Batok West Ave 2, Singapore 659206","8 Shenton Way, AXA Tower",8am,,,,,,,
Tracy,Lewis,"91 Bukit Batok West Ave 2, Singapore 659206","Raffles City, 252 North Bridge Road, 179103",8.30am,,,,,,,
Latisha,Kirkland,"91 Bukit Batok West Ave 2, Singapore 659206","Interntional Plaza, 10 Anson Rd, Singapore 079903",9am,,,,,,,
Tamara,Eveland,"91 Bukit Batok West Ave 2, Singapore 659206","Keppel Towers, 10 Hoe Chiang Rd, Singapore 089315",9.30am,,,,,,,
Dorothy,Mason,"91 Bukit Batok West Ave 2, Singapore 659206","8 Shenton Way, AXA Tower",7.30am,,,,,,,
Robin,Boulet,"91 Bukit Batok West Ave 2, Singapore 659206","Raffles City, 252 North Bridge Road, 179103",8am,,,,,,,
James,Wenrich,"91 Bukit Batok West Ave 2, Singapore 659206","Interntional Plaza, 10 Anson Rd, Singapore 079903",8.30am,,,,,,,
Molly,Cordova,"91 Bukit Batok West Ave 2, Singapore 659206","Keppel Towers, 10 Hoe Chiang Rd, Singapore 089315",9am,,,,,,,
Brandy,Cruz,"91 Bukit Batok West Ave 2, Singapore 659206","8 Shenton Way, AXA Tower",9.30am,,,,,,,
Frankie,Alas,"91 Bukit Batok West Ave 2, Singapore 659206","Raffles City, 252 North Bridge Road, 179103",7.30am,,,,,,,
Adela,Kazin,"52 Bukit Batok Street 31, Singapore 659443","Interntional Plaza, 10 Anson Rd, Singapore 079903",8am,,,,,,,
Kevin,Brown,"52 Bukit Batok Street 31, Singapore 659443","Keppel Towers, 10 Hoe Chiang Rd, Singapore 089315",8.30am,,,,,,,
John,Hilton,"54 Bukit Batok Street 31, Singapore 659444","8 Shenton Way, AXA Tower",9am,,,,,,,
Carlos,Beeler,"10 Bukit Batok Central, Singapore 659958","Raffles City, 252 North Bridge Road, 179103",9.30am,,,,,,,
Gary,Tarantino,"21 Bukit Batok Central, Singapore 659959","Interntional Plaza, 10 Anson Rd, Singapore 079903",7.30am,,,,,,,
